name,channelLink,niche,subject,body
Bro Code,https://www.youtube.com/@BroCodez,Coding & Software Engineering,Collaboration Opportunity for Bro Code,"Hi Bro Code,

I came across your channel and your Java and software engineering tutorials that break complex topics down for beginners.

I work with AI and tech brands looking to partner with creators in the tech and programming space.

We're currently looking for creators to promote an AI-powered coding assistant that helps learners debug and understand Java concepts faster.

Would this be relevant to you?

Best,
Dhurim Halili"
Two Minute Papers,https://www.youtube.com/@TwoMinutePapers,AI Research Summaries,Collaboration Opportunity for Two Minute Papers,"Hi Two Minute Papers,

I came across your channel and how you distill cutting-edge AI research papers into accessible two-minute breakdowns.

I work with AI and tech brands looking to partner with creators in the tech and programming space.

We're currently looking for creators to promote an AI research discovery platform that surfaces the latest papers and generates plain-English summaries for researchers and enthusiasts.

Would this be relevant to you?

Best,
Dhurim Halili"
The Coding Train,https://www.youtube.com/@TheCodingTrain,Creative Coding & JS,Collaboration Opportunity for The Coding Train,"Hi The Coding Train,

I came across your channel and your creative coding challenges and p5.js projects that make programming feel like art.

I work with AI and tech brands looking to partner with creators in the tech and programming space.

We're currently looking for creators to promote an AI creative coding companion that helps viewers experiment with generative art and JavaScript faster.

Would this be relevant to you?

Best,
Dhurim Halili"
Corey Schafer,https://www.youtube.com/@coreyms,Python & Software Dev,Collaboration Opportunity for Corey Schafer,"Hi Corey Schafer,

I came across your channel and your deep-dive Python tutorials on Django, Flask, and real-world software development.

I work with AI and tech brands looking to partner with creators in the tech and programming space.

We're currently looking for creators to promote an AI Python tutor chatbot that gives learners instant help while following along with your tutorials.

Would this be relevant to you?

Best,
Dhurim Halili"
Sentdex,https://www.youtube.com/@sentdex,Machine Learning & Python,Collaboration Opportunity for Sentdex,"Hi Sentdex,

I came across your channel and your hands-on Python and machine learning projects from finance to robotics.

I work with AI and tech brands looking to partner with creators in the tech and programming space.

We're currently looking for creators to promote an AI/ML experimentation platform that lets developers prototype models and chat with their datasets.

Would this be relevant to you?

Best,
Dhurim Halili"
Amigoscode,https://www.youtube.com/@amigoscode,Backend Systems & AI Microservices,Collaboration Opportunity for Amigoscode,"Hi Amigoscode,

I came across your channel and your backend engineering and AI microservices content for developers building production systems.

I work with AI and tech brands looking to partner with creators in the tech and programming space.

We're currently looking for creators to promote an AI agent platform for deploying production-ready chatbot and microservice backends.

Would this be relevant to you?

Best,
Dhurim Halili"
Siraj Raval,https://www.youtube.com/@sirajraval,AI & Machine Learning,Collaboration Opportunity for Siraj Raval,"Hi Siraj Raval,

I came across your channel and your energetic AI and machine learning tutorials that get people excited to build with ML.

I work with AI and tech brands looking to partner with creators in the tech and programming space.

We're currently looking for creators to promote an all-in-one AI builder toolkit for creating chatbots, agents, and ML-powered apps without heavy setup.

Would this be relevant to you?

Best,
Dhurim Halili"
Coding with Lewis,https://www.youtube.com/@CodingWithLewis,Software Engineering Lifestyle,Collaboration Opportunity for Coding with Lewis,"Hi Coding with Lewis,

I came across your channel and your honest software engineering lifestyle content and day-in-the-life perspective on tech careers.

I work with AI and tech brands looking to partner with creators in the tech and programming space.

We're currently looking for creators to promote an AI productivity assistant built for developers who want to ship faster and stay organized.

Would this be relevant to you?

Best,
Dhurim Halili"
Low Level Learning,https://www.youtube.com/@LowLevelLearning,Systems Programming & C,Collaboration Opportunity for Low Level Learning,"Hi Low Level Learning,

I came across your channel and your systems programming deep dives and C language content that goes beneath the abstractions.

I work with AI and tech brands looking to partner with creators in the tech and programming space.

We're currently looking for creators to promote an AI coding assistant optimized for low-level and systems programming workflows.

Would this be relevant to you?

Best,
Dhurim Halili"
The Primeagen,https://www.youtube.com/@ThePrimeagen,Dev Tools & Code Architecture,Collaboration Opportunity for The Primeagen,"Hi The Primeagen,

I came across your channel and your hot takes on developer tooling, Vim, and building better software architecture.

I work with AI and tech brands looking to partner with creators in the tech and programming space.

We're currently looking for creators to promote a next-gen AI dev tool that integrates directly into developer workflows and speeds up code review and refactoring.

Would this be relevant to you?

Best,
Dhurim Halili"
Caleb Curry,https://www.youtube.com/@CalebCurry,Beginner Programming,Collaboration Opportunity for Caleb Curry,"Hi Caleb Curry,

I came across your channel and your structured beginner programming courses that make fundamentals approachable.

I work with AI and tech brands looking to partner with creators in the tech and programming space.

We're currently looking for creators to promote an AI tutoring chatbot designed for programming beginners who need instant answers while learning.

Would this be relevant to you?

Best,
Dhurim Halili"
CodingEntrepreneurs,https://www.youtube.com/@CodingEntrepreneurs,AI Product Dev & Django,Collaboration Opportunity for CodingEntrepreneurs,"Hi CodingEntrepreneurs,

I came across your channel and your Django and AI product development tutorials for builders launching real SaaS products.

I work with AI and tech brands looking to partner with creators in the tech and programming space.

We're currently looking for creators to promote an AI SaaS starter kit with built-in chatbot and agent features for indie founders.

Would this be relevant to you?

Best,
Dhurim Halili"
Wes Roth,https://www.youtube.com/@WesRoth,AI News & Agentic Workflows,Collaboration Opportunity for Wes Roth,"Hi Wes Roth,

I came across your channel and your daily AI news coverage and breakdowns of agentic AI workflows shaping the industry.

I work with AI and tech brands looking to partner with creators in the tech and programming space.

We're currently looking for creators to promote an AI agent platform launching new autonomous workflow tools your audience would want to see first.

Would this be relevant to you?

Best,
Dhurim Halili"
Mike Dane,https://www.youtube.com/@MikeDane,Fundamentals of Coding,Collaboration Opportunity for Mike Dane,"Hi Mike Dane,

I came across your channel and your clear, fundamentals-first coding tutorials that help new developers build a solid foundation.

I work with AI and tech brands looking to partner with creators in the tech and programming space.

We're currently looking for creators to promote an AI learning companion that reinforces coding fundamentals through interactive chat-based practice.

Would this be relevant to you?

Best,
Dhurim Halili"
Riley Brown,https://www.youtube.com/@rileybrownai,Vibe Coding & AI Agents,Collaboration Opportunity for Riley Brown,"Hi Riley Brown,

I came across your channel and your vibe coding content and practical AI agent builds that show what's possible without traditional coding.

I work with AI and tech brands looking to partner with creators in the tech and programming space.

We're currently looking for creators to promote a no-code AI agent builder that lets creators and founders launch chatbot-powered products in minutes.

Would this be relevant to you?

Best,
Dhurim Halili"
AI Explained,https://www.youtube.com/@AIExplained,AI News & Capabilities,Collaboration Opportunity for AI Explained,"Hi AI Explained,

I came across your channel and your thoughtful breakdowns of AI capabilities, limitations, and what the latest models actually mean.

I work with AI and tech brands looking to partner with creators in the tech and programming space.

We're currently looking for creators to promote an AI platform with transparent model capabilities your audience would appreciate an honest review of.

Would this be relevant to you?

Best,
Dhurim Halili"
Yannic Kilcher,https://www.youtube.com/@YannicKilcher,Deep Learning & ML Research,Collaboration Opportunity for Yannic Kilcher,"Hi Yannic Kilcher,

I came across your channel and your in-depth paper reviews and technical deep dives into deep learning research.

I work with AI and tech brands looking to partner with creators in the tech and programming space.

We're currently looking for creators to promote an AI research assistant that helps ML practitioners explore papers, reproduce results, and discuss findings.

Would this be relevant to you?

Best,
Dhurim Halili"
Skill Leap AI,https://www.youtube.com/@SkillLeapAI,AI Tools & Workflows,Collaboration Opportunity for Skill Leap AI,"Hi Skill Leap AI,

I came across your channel and your practical AI tools and workflow tutorials that help people actually use AI in their daily work.

I work with AI and tech brands looking to partner with creators in the tech and programming space.

We're currently looking for creators to promote an AI workflow automation suite with chatbot integrations your audience could adopt immediately.

Would this be relevant to you?

Best,
Dhurim Halili"
AI Foundations,https://www.youtube.com/@AIFoundations,AI Agents & Vibe Coding,Collaboration Opportunity for AI Foundations,"Hi AI Foundations,

I came across your channel and your AI agent tutorials and vibe coding walkthroughs for builders getting started with autonomous AI.

I work with AI and tech brands looking to partner with creators in the tech and programming space.

We're currently looking for creators to promote an AI agent framework with pre-built templates for customer support, sales, and productivity chatbots.

Would this be relevant to you?

Best,
Dhurim Halili"
Greg Kamradt,https://www.youtube.com/@GregKamradt,LLMs & AI Data Pipelines,Collaboration Opportunity for Greg Kamradt,"Hi Greg Kamradt,

I came across your channel and your LLM experiments and AI data pipeline content that pushes the boundaries of what language models can do.

I work with AI and tech brands looking to partner with creators in the tech and programming space.

We're currently looking for creators to promote an LLM-powered data pipeline tool with a conversational interface for querying and transforming datasets.

Would this be relevant to you?

Best,
Dhurim Halili"
3Blue1Brown,https://www.youtube.com/@3blue1brown,Math & AI Foundations,Collaboration Opportunity for 3Blue1Brown,"Hi 3Blue1Brown,

I came across your channel and your visually stunning math explanations that build the intuition behind machine learning and neural networks.

I work with AI and tech brands looking to partner with creators in the tech and programming space.

We're currently looking for creators to promote an AI math tutor that uses visual, step-by-step explanations inspired by the way you teach complex concepts.

Would this be relevant to you?

Best,
Dhurim Halili"
Lex Fridman,https://www.youtube.com/@lexfridman,AI Interviews & Tech Podcasts,Collaboration Opportunity for Lex Fridman,"Hi Lex Fridman,

I came across your channel and your long-form conversations with AI researchers and tech leaders shaping the future.

I work with AI and tech brands looking to partner with creators in the tech and programming space.

We're currently looking for creators to promote an AI conversation platform with advanced dialogue capabilities relevant to your audience of AI thinkers.

Would this be relevant to you?

Best,
Dhurim Halili"
Andrej Karpathy,https://www.youtube.com/@AndrejKarpathy,Deep Learning & Neural Networks,Collaboration Opportunity for Andrej Karpathy,"Hi Andrej Karpathy,

I came across your channel and your neural network from scratch series and deep learning education that sets the standard for technical clarity.

I work with AI and tech brands looking to partner with creators in the tech and programming space.

We're currently looking for creators to promote an AI developer platform focused on making neural network experimentation more accessible to builders.

Would this be relevant to you?

Best,
Dhurim Halili"
Theo - t3.gg,https://www.youtube.com/@t3dotgg,Web Dev & Tech Architecture,Collaboration Opportunity for Theo - t3.gg,"Hi Theo - t3.gg,

I came across your channel and your opinionated takes on web dev stacks, TypeScript, and modern tech architecture.

I work with AI and tech brands looking to partner with creators in the tech and programming space.

We're currently looking for creators to promote an AI-powered full-stack dev tool with chatbot integrations that fits the modern JS ecosystem you cover.

Would this be relevant to you?

Best,
Dhurim Halili"
NetworkChuck,https://www.youtube.com/@NetworkChuck,"IT, Networks & Cloud",Collaboration Opportunity for NetworkChuck,"Hi NetworkChuck,

I came across your channel and your high-energy IT, networking, and cloud tutorials that make complex infrastructure fun to learn.

I work with AI and tech brands looking to partner with creators in the tech and programming space.

We're currently looking for creators to promote an AI IT assistant chatbot that helps sysadmins troubleshoot networks and cloud deployments faster.

Would this be relevant to you?

Best,
Dhurim Halili"
StatQuest,https://www.youtube.com/@statquest,Machine Learning & Statistics,Collaboration Opportunity for StatQuest,"Hi StatQuest,

I came across your channel and your StatQuest approach to making statistics and machine learning concepts crystal clear.

I work with AI and tech brands looking to partner with creators in the tech and programming space.

We're currently looking for creators to promote an AI statistics tutor that explains ML concepts in plain language, the way your audience already loves learning.

Would this be relevant to you?

Best,
Dhurim Halili"
Kevin Powell,https://www.youtube.com/@Kepowob,Frontend CSS & HTML,Collaboration Opportunity for Kevin Powell,"Hi Kevin Powell,

I came across your channel and your CSS and modern frontend tutorials that help developers write better, more maintainable styles.

I work with AI and tech brands looking to partner with creators in the tech and programming space.

We're currently looking for creators to promote an AI frontend assistant that generates and debugs CSS/HTML with conversational feedback.

Would this be relevant to you?

Best,
Dhurim Halili"
Ben Eater,https://www.youtube.com/@BenEater,Hardware & Computing Architecture,Collaboration Opportunity for Ben Eater,"Hi Ben Eater,

I came across your channel and your breadboard computer builds and hardware tutorials that explain computing from the ground up.

I work with AI and tech brands looking to partner with creators in the tech and programming space.

We're currently looking for creators to promote an AI-powered hardware documentation chatbot that helps makers troubleshoot electronics projects.

Would this be relevant to you?

Best,
Dhurim Halili"
Dave Farley,https://www.youtube.com/@ContinuousDelivery,DevOps & System Architecture,Collaboration Opportunity for Dave Farley,"Hi Dave Farley,

I came across your channel and your continuous delivery and software engineering excellence content for professional dev teams.

I work with AI and tech brands looking to partner with creators in the tech and programming space.

We're currently looking for creators to promote an AI DevOps assistant that integrates into CI/CD pipelines and answers infrastructure questions via chatbot.

Would this be relevant to you?

Best,
Dhurim Halili"
Steve Huynh,https://www.youtube.com/@ALifeEngineered,Big Tech Careers & Software,Collaboration Opportunity for Steve Huynh,"Hi Steve Huynh,

I came across your channel and your big tech career insights and software engineering advice from someone who's been in the room.

I work with AI and tech brands looking to partner with creators in the tech and programming space.

We're currently looking for creators to promote an AI career coaching chatbot that helps developers prepare for interviews and level up their skills.

Would this be relevant to you?

Best,
Dhurim Halili"
AI Advantage,https://www.youtube.com/@aiadvantage,AI Productivity & Prompting,Collaboration Opportunity for AI Advantage,"Hi AI Advantage,

I came across your channel and your AI productivity tips and prompt engineering tutorials for getting real results from AI tools.

I work with AI and tech brands looking to partner with creators in the tech and programming space.

We're currently looking for creators to promote an AI productivity suite with advanced prompting and custom chatbot workflows for power users.

Would this be relevant to you?

Best,
Dhurim Halili"
Jack Herrington,https://www.youtube.com/@jherr,Advanced Frontend React,Collaboration Opportunity for Jack Herrington,"Hi Jack Herrington,

I came across your channel and your advanced React, TypeScript, and full-stack frontend content for experienced developers.

I work with AI and tech brands looking to partner with creators in the tech and programming space.

We're currently looking for creators to promote an AI React code assistant that helps developers architect components and debug complex frontend issues.

Would this be relevant to you?

Best,
Dhurim Halili"
Dwarkesh Patel,https://www.youtube.com/@DwarkeshPatel,AI Alignment & Policy Podcasts,Collaboration Opportunity for Dwarkesh Patel,"Hi Dwarkesh Patel,

I came across your channel and your deep podcast conversations on AI alignment, policy, and the long-term future of intelligence.

I work with AI and tech brands looking to partner with creators in the tech and programming space.

We're currently looking for creators to promote an AI platform with transparent safety practices and open dialogue about capabilities and limitations.

Would this be relevant to you?

Best,
Dhurim Halili"
MKBHD,https://www.youtube.com/@mkbhd,Consumer Tech & Hardware,Collaboration Opportunity for MKBHD,"Hi MKBHD,

I came across your channel and your premium consumer tech reviews and the quality bar you set for honest hardware coverage.

I work with AI and tech brands looking to partner with creators in the tech and programming space.

We're currently looking for creators to promote an AI assistant app with a polished consumer experience your audience would expect from a flagship tech product.

Would this be relevant to you?

Best,
Dhurim Halili"
Dave2D,https://www.youtube.com/@Dave2D,Laptops & Gadget Design,Collaboration Opportunity for Dave2D,"Hi Dave2D,

I came across your channel and your clean, design-focused laptop and gadget reviews that help people buy smarter.

I work with AI and tech brands looking to partner with creators in the tech and programming space.

We're currently looking for creators to promote an AI-powered device recommendation chatbot that matches users to the right laptop based on their workflow.

Would this be relevant to you?

Best,
Dhurim Halili"
Linus Tech Tips,https://www.youtube.com/@LinusTechTips,Computing Hardware & Systems,Collaboration Opportunity for Linus Tech Tips,"Hi Linus Tech Tips,

I came across your channel and your computing hardware reviews, builds, and the LTT Labs approach to testing tech honestly.

I work with AI and tech brands looking to partner with creators in the tech and programming space.

We're currently looking for creators to promote an AI PC building assistant chatbot that helps viewers pick compatible parts and optimize their setups.

Would this be relevant to you?

Best,
Dhurim Halili"
Austin Evans,https://www.youtube.com/@austinevans,Hardware & Gaming Tech,Collaboration Opportunity for Austin Evans,"Hi Austin Evans,

I came across your channel and your hardware and gaming tech reviews that balance performance, value, and everyday usability.

I work with AI and tech brands looking to partner with creators in the tech and programming space.

We're currently looking for creators to promote an AI tech advisor chatbot that helps gamers and creators find the right hardware for their setup.

Would this be relevant to you?

Best,
Dhurim Halili"
Mrwhosetheboss,https://www.youtube.com/@mrwhosetheboss,Mobile Tech & Gadget Reviews,Collaboration Opportunity for Mrwhosetheboss,"Hi Mrwhosetheboss,

I came across your channel and your mobile tech reviews and smartphone comparisons that millions trust before buying.

I work with AI and tech brands looking to partner with creators in the tech and programming space.

We're currently looking for creators to promote an AI mobile assistant app with smart chatbot features designed for the smartphone power users you reach.

Would this be relevant to you?

Best,
Dhurim Halili"
JerryRigEverything,https://www.youtube.com/@JerryRigEverything,Tech Durability & Hardware,Collaboration Opportunity for JerryRigEverything,"Hi JerryRigEverything,

I came across your channel and your durability tests and teardowns that reveal what's really inside the devices people buy.

I work with AI and tech brands looking to partner with creators in the tech and programming space.

We're currently looking for creators to promote an AI repair and device support chatbot that helps users troubleshoot hardware issues post-purchase.

Would this be relevant to you?

Best,
Dhurim Halili"
Unbox Therapy,https://www.youtube.com/@unboxtherapy,Consumer Tech & Gadget Unboxing,Collaboration Opportunity for Unbox Therapy,"Hi Unbox Therapy,

I came across your channel and your gadget unboxings and first-look coverage of the latest consumer tech hitting the market.

I work with AI and tech brands looking to partner with creators in the tech and programming space.

We're currently looking for creators to promote an AI shopping assistant chatbot that helps viewers discover and compare the latest gadgets.

Would this be relevant to you?

Best,
Dhurim Halili"
The Tech Chap,https://www.youtube.com/@TheTechChap,Laptops & High-End Gadgets,Collaboration Opportunity for The Tech Chap,"Hi The Tech Chap,

I came across your channel and your laptop reviews and high-end gadget coverage tailored for professionals and creators.

I work with AI and tech brands looking to partner with creators in the tech and programming space.

We're currently looking for creators to promote an AI laptop finder chatbot that recommends the best machine based on use case, budget, and workflow.

Would this be relevant to you?

Best,
Dhurim Halili"
Daniel Bourke,https://www.youtube.com/@mrdbourke,Machine Learning Tutorials,Collaboration Opportunity for Daniel Bourke,"Hi Daniel Bourke,

I came across your channel and your end-to-end machine learning project tutorials that take viewers from zero to deployed model.

I work with AI and tech brands looking to partner with creators in the tech and programming space.

We're currently looking for creators to promote an AI/ML learning platform with guided chatbot support for students building their first models.

Would this be relevant to you?

Best,
Dhurim Halili"
Web Dev Simplified,https://www.youtube.com/@WebDevSimplified,Web Development Tutorials,Collaboration Opportunity for Web Dev Simplified,"Hi Web Dev Simplified,

I came across your channel and your simplified web development tutorials that cut through complexity and teach practical skills.

I work with AI and tech brands looking to partner with creators in the tech and programming space.

We're currently looking for creators to promote an AI web dev tutor chatbot that gives learners instant help on HTML, CSS, and JavaScript concepts.

Would this be relevant to you?

Best,
Dhurim Halili"
DeepLearning.AI,https://www.youtube.com/@Deeplearningai,ML/DL Courses & News,Collaboration Opportunity for DeepLearning.AI,"Hi DeepLearning.AI,

I came across your channel and your Andrew Ng-affiliated deep learning courses and AI education that millions of learners rely on.

I work with AI and tech brands looking to partner with creators in the tech and programming space.

We're currently looking for creators to promote an AI learning companion chatbot that supplements ML courses with on-demand Q&A and practice.

Would this be relevant to you?

Best,
Dhurim Halili"
Henry AI Labs,https://www.youtube.com/@henryailabs,AI Research Updates,Collaboration Opportunity for Henry AI Labs,"Hi Henry AI Labs,

I came across your channel and your timely AI research update videos that keep practitioners current on the latest breakthroughs.

I work with AI and tech brands looking to partner with creators in the tech and programming space.

We're currently looking for creators to promote an AI research digest platform that auto-summarizes new papers and lets users chat with findings.

Would this be relevant to you?

Best,
Dhurim Halili"
ArXiv Insights,https://www.youtube.com/@ArxivInsights,ML Research Summaries,Collaboration Opportunity for ArXiv Insights,"Hi ArXiv Insights,

I came across your channel and your ArXiv paper breakdowns that make cutting-edge ML research accessible to a wider audience.

I work with AI and tech brands looking to partner with creators in the tech and programming space.

We're currently looking for creators to promote an AI paper-reading assistant that generates summaries and answers questions about new research.

Would this be relevant to you?

Best,
Dhurim Halili"
Clever Programmer,https://www.youtube.com/@CleverProgrammer,Coding & AI Tools,Collaboration Opportunity for Clever Programmer,"Hi Clever Programmer,

I came across your channel and your coding tutorials and AI tools content that helps developers level up and land jobs.

I work with AI and tech brands looking to partner with creators in the tech and programming space.

We're currently looking for creators to promote an AI coding bootcamp companion with chatbot-powered interview prep and project feedback.

Would this be relevant to you?

Best,
Dhurim Halili"
Net Ninja,https://www.youtube.com/@NetNinja,Web Development Tutorials,Collaboration Opportunity for Net Ninja,"Hi Net Ninja,

I came across your channel and your structured web development crash courses covering everything from HTML to Node and beyond.

I work with AI and tech brands looking to partner with creators in the tech and programming space.

We're currently looking for creators to promote an AI web development tutor that follows along with your crash course format for instant learner support.

Would this be relevant to you?

Best,
Dhurim Halili"
Sebastian Lague,https://www.youtube.com/@SebastianLague,Coding & Algorithms,Collaboration Opportunity for Sebastian Lague,"Hi Sebastian Lague,

I came across your channel and your coding adventures and algorithm visualizations that make computer science concepts come alive.

I work with AI and tech brands looking to partner with creators in the tech and programming space.

We're currently looking for creators to promote an AI algorithm visualizer with a chatbot that explains CS concepts step by step.

Would this be relevant to you?

Best,
Dhurim Halili"
Academind,https://www.youtube.com/@academind,Web/JS Frameworks & Tutorials,Collaboration Opportunity for Academind,"Hi Academind,

I came across your channel and your comprehensive web and JavaScript framework tutorials from React to Node and beyond.

I work with AI and tech brands looking to partner with creators in the tech and programming space.

We're currently looking for creators to promote an AI framework tutor chatbot that helps developers learn React, Vue, and Angular through conversation.

Would this be relevant to you?

Best,
Dhurim Halili"
CodeWithChris,https://www.youtube.com/@CodeWithChris,iOS App Development,Collaboration Opportunity for CodeWithChris,"Hi CodeWithChris,

I came across your channel and your iOS app development tutorials that guide beginners through building real Swift applications.

I work with AI and tech brands looking to partner with creators in the tech and programming space.

We're currently looking for creators to promote an AI Swift coding assistant that helps aspiring iOS developers debug and learn while building apps.

Would this be relevant to you?

Best,
Dhurim Halili"
CS Dojo,https://www.youtube.com/@CSDojo,Python & Coding Bootcamp,Collaboration Opportunity for CS Dojo,"Hi CS Dojo,

I came across your channel and your Python programming and computer science fundamentals that launched so many coding careers.

I work with AI and tech brands looking to partner with creators in the tech and programming space.

We're currently looking for creators to promote an AI Python tutor chatbot designed for beginners following a structured CS curriculum.

Would this be relevant to you?

Best,
Dhurim Halili"
Abdul Bari,https://www.youtube.com/@abdul_bari,Algorithms & Data Structures,Collaboration Opportunity for Abdul Bari,"Hi Abdul Bari,

I came across your channel and your algorithms and data structures lectures that CS students worldwide use to ace their courses.

I work with AI and tech brands looking to partner with creators in the tech and programming space.

We're currently looking for creators to promote an AI DSA tutor that walks students through algorithm problems with the clarity your lectures provide.

Would this be relevant to you?

Best,
Dhurim Halili"
Tech With Tim,https://www.youtube.com/@TechWithTim,"Python, ML & Game Dev",Collaboration Opportunity for Tech With Tim,"Hi Tech With Tim,

I came across your channel and your Python, machine learning, and game development project tutorials for hands-on learners.

I work with AI and tech brands looking to partner with creators in the tech and programming space.

We're currently looking for creators to promote an AI project mentor chatbot that guides developers through Python and ML builds step by step.

Would this be relevant to you?

Best,
Dhurim Halili"
Hussein Nasser,https://www.youtube.com/@hnasr,Computer Networks & Dev,Collaboration Opportunity for Hussein Nasser,"Hi Hussein Nasser,

I came across your channel and your backend engineering and computer networking deep dives for developers who want to understand systems.

I work with AI and tech brands looking to partner with creators in the tech and programming space.

We're currently looking for creators to promote an AI backend architecture assistant that answers system design and networking questions via chatbot.

Would this be relevant to you?

Best,
Dhurim Halili"
Ben Awad,https://www.youtube.com/@bawad,Full-Stack Dev,Collaboration Opportunity for Ben Awad,"Hi Ben Awad,

I came across your channel and your full-stack development vlogs and projects that show the real day-to-day of building software.

I work with AI and tech brands looking to partner with creators in the tech and programming space.

We're currently looking for creators to promote an AI pair-programming assistant that helps indie developers ship full-stack features faster.

Would this be relevant to you?

Best,
Dhurim Halili"
Brackeys,https://www.youtube.com/@Brackeys,Game Development & Unity,Collaboration Opportunity for Brackeys,"Hi Brackeys,

I came across your channel and your Unity game development tutorials that introduced an entire generation to game dev.

I work with AI and tech brands looking to partner with creators in the tech and programming space.

We're currently looking for creators to promote an AI game dev assistant that helps Unity developers debug scripts and design game mechanics via chatbot.

Would this be relevant to you?

Best,
Dhurim Halili"
Gary Explains,https://www.youtube.com/@GaryExplains,Tech Explainers,Collaboration Opportunity for Gary Explains,"Hi Gary Explains,

I came across your channel and your deep technical explainers on mobile processors, AI chips, and how modern technology actually works.

I work with AI and tech brands looking to partner with creators in the tech and programming space.

We're currently looking for creators to promote an AI chip and hardware explainer chatbot that answers technical questions about processors and AI acceleration.

Would this be relevant to you?

Best,
Dhurim Halili"
Engineer Man,https://www.youtube.com/@EngineerMan,Software Engineering,Collaboration Opportunity for Engineer Man,"Hi Engineer Man,

I came across your channel and your software engineering tips, code reviews, and practical advice for working developers.

I work with AI and tech brands looking to partner with creators in the tech and programming space.

We're currently looking for creators to promote an AI code review chatbot that gives developers instant feedback on best practices and clean code.

Would this be relevant to you?

Best,
Dhurim Halili"
Krish Naik,https://www.youtube.com/@krishnaik06,Data Science & ML,Collaboration Opportunity for Krish Naik,"Hi Krish Naik,

I came across your channel and your data science and end-to-end machine learning tutorials used by aspiring ML engineers everywhere.

I work with AI and tech brands looking to partner with creators in the tech and programming space.

We're currently looking for creators to promote an AI data science mentor chatbot that guides learners through ML projects from EDA to deployment.

Would this be relevant to you?

Best,
Dhurim Halili"
ColdFusion,https://www.youtube.com/@ColdFusion,Tech Documentary & AI,Collaboration Opportunity for ColdFusion,"Hi ColdFusion,

I came across your channel and your tech documentary storytelling that covers AI history, industry shifts, and the companies shaping tech.

I work with AI and tech brands looking to partner with creators in the tech and programming space.

We're currently looking for creators to promote an AI platform with a compelling story behind it that fits the narrative-driven tech coverage you create.

Would this be relevant to you?

Best,
Dhurim Halili"
CodeBullet,https://www.youtube.com/@CodeBullet,AI Programming Experiments,Collaboration Opportunity for CodeBullet,"Hi CodeBullet,

I came across your channel and your entertaining AI programming experiments where you let algorithms loose on game development challenges.

I work with AI and tech brands looking to partner with creators in the tech and programming space.

We're currently looking for creators to promote an AI game-building platform that lets creators experiment with AI-driven game logic and agents.

Would this be relevant to you?

Best,
Dhurim Halili"
Derek Banas,https://www.youtube.com/@derekbanas,Programming Tutorials,Collaboration Opportunity for Derek Banas,"Hi Derek Banas,

I came across your channel and your massive library of programming tutorials spanning dozens of languages and frameworks.

I work with AI and tech brands looking to partner with creators in the tech and programming space.

We're currently looking for creators to promote an AI multi-language coding tutor chatbot that supports learners across the many languages you teach.

Would this be relevant to you?

Best,
Dhurim Halili"
TheNewBoston,https://www.youtube.com/@thenewboston,General Programming,Collaboration Opportunity for TheNewBoston,"Hi TheNewBoston,

I came across your channel and your foundational programming tutorials that helped millions of developers write their first lines of code.

I work with AI and tech brands looking to partner with creators in the tech and programming space.

We're currently looking for creators to promote an AI programming tutor chatbot built for beginners discovering coding for the first time.

Would this be relevant to you?

Best,
Dhurim Halili"
Codebasics,https://www.youtube.com/@codebasics,Data Science & Python,Collaboration Opportunity for Codebasics,"Hi Codebasics,

I came across your channel and your data science and Python tutorials with real business case studies that make analytics practical.

I work with AI and tech brands looking to partner with creators in the tech and programming space.

We're currently looking for creators to promote an AI data analytics chatbot that helps analysts query data and generate insights conversationally.

Would this be relevant to you?

Best,
Dhurim Halili"
Data School,https://www.youtube.com/@dataschool,Pandas & ML Tutorials,Collaboration Opportunity for Data School,"Hi Data School,

I came across your channel and your Pandas and scikit-learn tutorials that data scientists rely on for clean, practical instruction.

I work with AI and tech brands looking to partner with creators in the tech and programming space.

We're currently looking for creators to promote an AI data analysis assistant that helps users write Pandas queries and build ML models through chat.

Would this be relevant to you?

Best,
Dhurim Halili"
Keith Galli,https://www.youtube.com/@KeithGalli,Data Science & Python,Collaboration Opportunity for Keith Galli,"Hi Keith Galli,

I came across your channel and your data science portfolio projects and Python tutorials that help people break into the field.

I work with AI and tech brands looking to partner with creators in the tech and programming space.

We're currently looking for creators to promote an AI portfolio coach chatbot that guides aspiring data scientists through projects and job prep.

Would this be relevant to you?

Best,
Dhurim Halili"
The Cherno,https://www.youtube.com/@TheCherno,C++ Game Engine Dev,Collaboration Opportunity for The Cherno,"Hi The Cherno,

I came across your channel and your C++ game engine development series where you build Hazel from scratch.

I work with AI and tech brands looking to partner with creators in the tech and programming space.

We're currently looking for creators to promote an AI C++ coding assistant optimized for game engine development and systems-level programming.

Would this be relevant to you?

Best,
Dhurim Halili"
ProgrammingKnowledge,https://www.youtube.com/@ProgrammingKnowledge,Programming Tutorials,Collaboration Opportunity for ProgrammingKnowledge,"Hi ProgrammingKnowledge,

I came across your channel and your wide-ranging programming tutorials covering tools, languages, and frameworks for all skill levels.

I work with AI and tech brands looking to partner with creators in the tech and programming space.

We're currently looking for creators to promote an AI coding help chatbot that supports learners across the diverse topics your channel covers.

Would this be relevant to you?

Best,
Dhurim Halili"
Programming with Mosh,https://www.youtube.com/@programmingwithmosh,Full-Stack & Career Dev,Collaboration Opportunity for Programming with Mosh,"Hi Programming with Mosh,

I came across your channel and your polished full-stack and career development courses that take developers from beginner to job-ready.

I work with AI and tech brands looking to partner with creators in the tech and programming space.

We're currently looking for creators to promote an AI career and coding mentor chatbot that supplements your courses with 24/7 learner support.

Would this be relevant to you?

Best,
Dhurim Halili"
Neso Academy,https://www.youtube.com/@nesoacademy,CS & Engineering Tutorials,Collaboration Opportunity for Neso Academy,"Hi Neso Academy,

I came across your channel and your computer science and engineering lectures that students use to supplement their university courses.

I work with AI and tech brands looking to partner with creators in the tech and programming space.

We're currently looking for creators to promote an AI CS tutor chatbot that explains algorithms, digital logic, and engineering concepts on demand.

Would this be relevant to you?

Best,
Dhurim Halili"
Python Engineer,https://www.youtube.com/@patloeber,Python ML/DS Tutorials,Collaboration Opportunity for Python Engineer,"Hi Python Engineer,

I came across your channel and your concise Python, machine learning, and data science tutorials for efficient learning.

I work with AI and tech brands looking to partner with creators in the tech and programming space.

We're currently looking for creators to promote an AI Python ML assistant that helps developers write, debug, and optimize data science code via chat.

Would this be relevant to you?

Best,
Dhurim Halili"
Coding Addict,https://www.youtube.com/@CodingAddict,Web Dev Projects,Collaboration Opportunity for Coding Addict,"Hi Coding Addict,

I came across your channel and your project-based web development tutorials that teach by building real applications.

I work with AI and tech brands looking to partner with creators in the tech and programming space.

We're currently looking for creators to promote an AI project-building chatbot that guides developers through full-stack web app projects step by step.

Would this be relevant to you?

Best,
Dhurim Halili"
Applied AI Course,https://www.youtube.com/@AppliedAICourse,ML/AI Theory & Courses,Collaboration Opportunity for Applied AI Course,"Hi Applied AI Course,

I came across your channel and your applied AI and machine learning theory courses that bridge math and real-world implementation.

I work with AI and tech brands looking to partner with creators in the tech and programming space.

We're currently looking for creators to promote an AI/ML course companion chatbot that helps students work through theory and coding exercises.

Would this be relevant to you?

Best,
Dhurim Halili"
Dad the Engineer,https://www.youtube.com/@DadtheEngineer,Electronics & STEM,Collaboration Opportunity for Dad the Engineer,"Hi Dad the Engineer,

I came across your channel and your electronics and STEM projects that make engineering approachable for families and hobbyists.

I work with AI and tech brands looking to partner with creators in the tech and programming space.

We're currently looking for creators to promote an AI electronics troubleshooting chatbot that helps makers debug circuits and choose components.

Would this be relevant to you?

Best,
Dhurim Halili"
Chris Hawkes,https://www.youtube.com/@noobtoprofessional,Dev Career & Advice,Collaboration Opportunity for Chris Hawkes,"Hi Chris Hawkes,

I came across your channel and your developer career advice and coding journey content for people breaking into tech.

I work with AI and tech brands looking to partner with creators in the tech and programming space.

We're currently looking for creators to promote an AI career mentor chatbot that helps aspiring developers plan their learning path and prepare for jobs.

Would this be relevant to you?

Best,
Dhurim Halili"
Coding Garden,https://www.youtube.com/@CodingGarden,Live Coding & Web Dev,Collaboration Opportunity for Coding Garden,"Hi Coding Garden,

I came across your channel and your live coding streams and collaborative web development sessions with the dev community.

I work with AI and tech brands looking to partner with creators in the tech and programming space.

We're currently looking for creators to promote an AI live-coding companion that helps stream viewers follow along and get unstuck during builds.

Would this be relevant to you?

Best,
Dhurim Halili"
Kaggle,https://www.youtube.com/@kaggle,Data Science & Competitions,Collaboration Opportunity for Kaggle,"Hi Kaggle,

I came across your channel and your data science competition walkthroughs and ML tutorials from the world's largest data science community.

I work with AI and tech brands looking to partner with creators in the tech and programming space.

We're currently looking for creators to promote an AI Kaggle competition assistant that helps data scientists explore datasets and iterate on models faster.

Would this be relevant to you?

Best,
Dhurim Halili"
Akshay Saini,https://www.youtube.com/@akshaymarch7,Advanced JavaScript Core Concepts,Collaboration Opportunity for Akshay Saini,"Hi Akshay Saini,

I came across your channel and your Namaste JavaScript series and deep dives into JavaScript internals that advanced devs swear by.

I work with AI and tech brands looking to partner with creators in the tech and programming space.

We're currently looking for creators to promote an AI JavaScript tutor that explains closures, prototypes, and async concepts the way your series does.

Would this be relevant to you?

Best,
Dhurim Halili"
ArjanCodes,https://www.youtube.com/@ArjanCodes,Software Design & Python,Collaboration Opportunity for ArjanCodes,"Hi ArjanCodes,

I came across your channel and your software design patterns and clean Python architecture content for professional developers.

I work with AI and tech brands looking to partner with creators in the tech and programming space.

We're currently looking for creators to promote an AI software design reviewer that suggests architecture improvements and design pattern recommendations via chat.

Would this be relevant to you?

Best,
Dhurim Halili"
ByCloud AI,https://www.youtube.com/@bycloudAI,Cloud AI & ML Deployments,Collaboration Opportunity for ByCloud AI,"Hi ByCloud AI,

I came across your channel and your cloud AI and ML deployment tutorials for getting models into production on AWS and beyond.

I work with AI and tech brands looking to partner with creators in the tech and programming space.

We're currently looking for creators to promote a cloud-native AI deployment platform with one-click chatbot and agent hosting for production workloads.

Would this be relevant to you?

Best,
Dhurim Halili"
ByteByteGo,https://www.youtube.com/@ByteByteGo,System Design & Tech Architecture,Collaboration Opportunity for ByteByteGo,"Hi ByteByteGo,

I came across your channel and your system design interview prep and tech architecture explainers used by engineers at top companies.

I work with AI and tech brands looking to partner with creators in the tech and programming space.

We're currently looking for creators to promote an AI system design coach chatbot that walks engineers through architecture decisions and trade-offs.

Would this be relevant to you?

Best,
Dhurim Halili"
Clement Mihailescu,https://www.youtube.com/@ClementMihailescu,Software Engineering Careers & DSA,Collaboration Opportunity for Clement Mihailescu,"Hi Clement Mihailescu,

I came across your channel and your AlgoExpert platform and coding interview content that helps developers land jobs at FAANG companies.

I work with AI and tech brands looking to partner with creators in the tech and programming space.

We're currently looking for creators to promote an AI interview prep chatbot with adaptive coding challenges and system design practice.

Would this be relevant to you?

Best,
Dhurim Halili"
CodeWithHarry,https://www.youtube.com/@CodeWithHarry,Full-Stack Web Dev & Programming,Collaboration Opportunity for CodeWithHarry,"Hi CodeWithHarry,

I came across your channel and your Hindi-English full-stack web development tutorials that make programming accessible to millions.

I work with AI and tech brands looking to partner with creators in the tech and programming space.

We're currently looking for creators to promote an AI coding tutor chatbot with multilingual support for learners following your courses.

Would this be relevant to you?

Best,
Dhurim Halili"
Computerphile,https://www.youtube.com/@Computerphile,Computer Science Theory & Algorithms,Collaboration Opportunity for Computerphile,"Hi Computerphile,

I came across your channel and your computer science theory videos with university professors explaining algorithms, security, and AI fundamentals.

I work with AI and tech brands looking to partner with creators in the tech and programming space.

We're currently looking for creators to promote an AI CS professor chatbot that explains theoretical concepts with the academic rigor your audience expects.

Would this be relevant to you?

Best,
Dhurim Halili"
Corbin Brown,https://www.youtube.com/@Corbin_Brown,Python & Machine Learning Engineering,Collaboration Opportunity for Corbin Brown,"Hi Corbin Brown,

I came across your channel and your Python machine learning engineering tutorials focused on building production ML systems.

I work with AI and tech brands looking to partner with creators in the tech and programming space.

We're currently looking for creators to promote an AI MLOps assistant that helps ML engineers deploy, monitor, and iterate on models via chatbot.

Would this be relevant to you?

Best,
Dhurim Halili"
Dani,https://www.youtube.com/@Danidev,Game Development & Physics Engines,Collaboration Opportunity for Dani,"Hi Dani,

I came across your channel and your game development devlogs and physics engine builds that inspire indie developers worldwide.

I work with AI and tech brands looking to partner with creators in the tech and programming space.

We're currently looking for creators to promote an AI game development assistant that helps indie devs with physics, shaders, and game logic through chat.

Would this be relevant to you?

Best,
Dhurim Halili"
David Bombal,https://www.youtube.com/@davidbombal,IT Networking & Ethical Hacking,Collaboration Opportunity for David Bombal,"Hi David Bombal,

I came across your channel and your IT networking labs and ethical hacking tutorials for cybersecurity and network professionals.

I work with AI and tech brands looking to partner with creators in the tech and programming space.

We're currently looking for creators to promote an AI network troubleshooting chatbot that helps IT pros diagnose and resolve infrastructure issues.

Would this be relevant to you?

Best,
Dhurim Halili"
ExplainingComputers,https://www.youtube.com/@ExplainingComputers,Computing Hardware & Linux OS,Collaboration Opportunity for ExplainingComputers,"Hi ExplainingComputers,

I came across your channel and your single-board computer reviews, Linux tutorials, and hands-on computing hardware projects.

I work with AI and tech brands looking to partner with creators in the tech and programming space.

We're currently looking for creators to promote an AI Linux and hardware assistant chatbot that helps makers configure systems and troubleshoot setups.

Would this be relevant to you?

Best,
Dhurim Halili"
Gamefromscratch,https://www.youtube.com/@gamefromscratch,Game Development Tools & Engines,Collaboration Opportunity for Gamefromscratch,"Hi Gamefromscratch,

I came across your channel and your game engine comparisons and game development tool reviews that help devs pick the right stack.

I work with AI and tech brands looking to partner with creators in the tech and programming space.

We're currently looking for creators to promote an AI game engine advisor chatbot that recommends tools and helps developers get started with new engines.

Would this be relevant to you?

Best,
Dhurim Halili"
Gamers Nexus,https://www.youtube.com/@GamersNexus,PC Hardware Benchmarking,Collaboration Opportunity for Gamers Nexus,"Hi Gamers Nexus,

I came across your channel and your rigorous PC hardware benchmarking and investigative journalism on thermal design and performance.

I work with AI and tech brands looking to partner with creators in the tech and programming space.

We're currently looking for creators to promote an AI PC optimization chatbot that helps viewers tune their builds based on workload and budget.

Would this be relevant to you?

Best,
Dhurim Halili"
Gaurav Sen,https://www.youtube.com/@gkcs,System Design & AI,Collaboration Opportunity for Gaurav Sen,"Hi Gaurav Sen,

I came across your channel and your system design and AI architecture videos that prepare engineers for senior-level technical interviews.

I work with AI and tech brands looking to partner with creators in the tech and programming space.

We're currently looking for creators to promote an AI system design mentor chatbot with adaptive mock interviews and architecture feedback.

Would this be relevant to you?

Best,
Dhurim Halili"
GDQuest,https://www.youtube.com/@Gdquest,Godot Engine Game Development,Collaboration Opportunity for GDQuest,"Hi GDQuest,

I came across your channel and your Godot engine tutorials and open-source game development education for the indie community.

I work with AI and tech brands looking to partner with creators in the tech and programming space.

We're currently looking for creators to promote an AI Godot game dev assistant that helps developers write GDScript and design game systems via chat.

Would this be relevant to you?

Best,
Dhurim Halili"
Greg Isenberg,https://www.youtube.com/@GregIsenberg,AI Agents & SaaS Startups,Collaboration Opportunity for Greg Isenberg,"Hi Greg Isenberg,

I came across your channel and your startup ideas, AI agent builds, and community-driven SaaS content for indie founders.

I work with AI and tech brands looking to partner with creators in the tech and programming space.

We're currently looking for creators to promote an AI agent builder platform for launching chatbot-powered SaaS products your founder audience would love to try.

Would this be relevant to you?

Best,
Dhurim Halili"
Harkirat Singh,https://www.youtube.com/@harkirat1,Full-Stack Dev & Blockchain,Collaboration Opportunity for Harkirat Singh,"Hi Harkirat Singh,

I came across your channel and your full-stack development cohorts and blockchain project builds for the next generation of Indian developers.

I work with AI and tech brands looking to partner with creators in the tech and programming space.

We're currently looking for creators to promote an AI full-stack mentor chatbot that supports students through your cohort-style learning projects.

Would this be relevant to you?

Best,
Dhurim Halili"
Hitesh Choudhary,https://www.youtube.com/@HiteshCodeLab,Web Frameworks & Software Dev,Collaboration Opportunity for Hitesh Choudhary,"Hi Hitesh Choudhary,

I came across your channel and your web framework tutorials and software development courses covering the full modern stack.

I work with AI and tech brands looking to partner with creators in the tech and programming space.

We're currently looking for creators to promote an AI web development tutor chatbot that helps learners across the frameworks and tools you teach.

Would this be relevant to you?

Best,
Dhurim Halili"
IppSec,https://www.youtube.com/@IppSec,Penetration Testing,Collaboration Opportunity for IppSec,"Hi IppSec,

I came across your channel and your Hack The Box walkthroughs and penetration testing tutorials revered by the cybersecurity community.

I work with AI and tech brands looking to partner with creators in the tech and programming space.

We're currently looking for creators to promote an AI cybersecurity training chatbot that helps aspiring pentesters practice and learn exploit techniques safely.

Would this be relevant to you?

Best,
Dhurim Halili"
Jeff Geerling,https://www.youtube.com/@JeffGeerling,Single-Board Computers & Hardware,Collaboration Opportunity for Jeff Geerling,"Hi Jeff Geerling,

I came across your channel and your Raspberry Pi clusters, homelab builds, and single-board computer projects that push hardware limits.

I work with AI and tech brands looking to partner with creators in the tech and programming space.

We're currently looking for creators to promote an AI homelab assistant chatbot that helps makers configure Pi clusters, Docker setups, and self-hosted services.

Would this be relevant to you?

Best,
Dhurim Halili"
Joma Tech,https://www.youtube.com/@JomaTech,Silicon Valley Careers & Tech,Collaboration Opportunity for Joma Tech,"Hi Joma Tech,

I came across your channel and your Silicon Valley career satire and tech industry insights that resonate with every software engineer.

I work with AI and tech brands looking to partner with creators in the tech and programming space.

We're currently looking for creators to promote an AI career coaching chatbot with a fun, relatable tone that helps devs navigate tech careers.

Would this be relevant to you?

Best,
Dhurim Halili"
Jonas Tyroller,https://www.youtube.com/@JonasTyroller,Indie Game Dev,Collaboration Opportunity for Jonas Tyroller,"Hi Jonas Tyroller,

I came across your channel and your indie game development journey and Unity tutorials for solo developers building their dream games.

I work with AI and tech brands looking to partner with creators in the tech and programming space.

We're currently looking for creators to promote an AI indie game dev mentor chatbot that helps solo creators with game design, code, and marketing decisions.

Would this be relevant to you?

Best,
Dhurim Halili"
Jon Gjengset,https://www.youtube.com/@JonGjengset,Advanced Rust Systems Programming,Collaboration Opportunity for Jon Gjengset,"Hi Jon Gjengset,

I came across your channel and your advanced Rust live coding sessions and systems programming content for experienced developers.

I work with AI and tech brands looking to partner with creators in the tech and programming space.

We're currently looking for creators to promote an AI Rust programming assistant that helps developers with ownership, lifetimes, and systems-level debugging.

Would this be relevant to you?

Best,
Dhurim Halili"
Kalle Hallden,https://www.youtube.com/@Hallden_,Python Automation & Dev Vlogs,Collaboration Opportunity for Kalle Hallden,"Hi Kalle Hallden,

I came across your channel and your Python automation projects and developer lifestyle content that makes coding look creative and fun.

I work with AI and tech brands looking to partner with creators in the tech and programming space.

We're currently looking for creators to promote an AI Python automation builder that helps viewers create scripts and automate workflows through chat.

Would this be relevant to you?

Best,
Dhurim Halili"
LGR,https://www.youtube.com/@LGR,Retro Technology & Computing,Collaboration Opportunity for LGR,"Hi LGR,

I came across your channel and your retro technology reviews and nostalgic computing content that celebrates tech history.

I work with AI and tech brands looking to partner with creators in the tech and programming space.

We're currently looking for creators to promote an AI retro tech encyclopedia chatbot that answers questions about vintage hardware and computing history.

Would this be relevant to you?

Best,
Dhurim Halili"
Liam Ottley,https://www.youtube.com/@LiamOttley,AI Automation Agencies & Agents,Collaboration Opportunity for Liam Ottley,"Hi Liam Ottley,

I came across your channel and your AI automation agency blueprint and AI agent business content for entrepreneurs building AI services.

I work with AI and tech brands looking to partner with creators in the tech and programming space.

We're currently looking for creators to promote a white-label AI agent platform that agency owners can rebrand and sell to clients.

Would this be relevant to you?

Best,
Dhurim Halili"
Loi Liang Yang,https://www.youtube.com/@LoiLiangYang,Cloud Security & AWS,Collaboration Opportunity for Loi Liang Yang,"Hi Loi Liang Yang,

I came across your channel and your AWS cloud security tutorials and hands-on labs for cloud engineers and security professionals.

I work with AI and tech brands looking to partner with creators in the tech and programming space.

We're currently looking for creators to promote an AI cloud security assistant that audits AWS configurations and answers security questions via chatbot.

Would this be relevant to you?

Best,
Dhurim Halili"
Mental Outlaw,https://www.youtube.com/@MentalOutlaw,"Cybersecurity, Linux & Privacy",Collaboration Opportunity for Mental Outlaw,"Hi Mental Outlaw,

I came across your channel and your cybersecurity, Linux, and digital privacy content for people who want to stay secure online.

I work with AI and tech brands looking to partner with creators in the tech and programming space.

We're currently looking for creators to promote an AI privacy and security advisor chatbot that helps users harden their systems and understand threats.

Would this be relevant to you?

Best,
Dhurim Halili"
Milan Jovanović,https://www.youtube.com/@MilanJovanovicTech,C# Software Architecture,Collaboration Opportunity for Milan Jovanović,"Hi Milan Jovanović,

I came across your channel and your C# software architecture patterns and .NET best practices for building maintainable enterprise apps.

I work with AI and tech brands looking to partner with creators in the tech and programming space.

We're currently looking for creators to promote an AI .NET architecture reviewer chatbot that suggests clean code improvements and design patterns.

Would this be relevant to you?

Best,
Dhurim Halili"
Modern Vintage Gamer,https://www.youtube.com/@ModernVintageGamer,Console Architecture & Retrogaming,Collaboration Opportunity for Modern Vintage Gamer,"Hi Modern Vintage Gamer,

I came across your channel and your console architecture deep dives and retro gaming technical analysis that fascinates hardware enthusiasts.

I work with AI and tech brands looking to partner with creators in the tech and programming space.

We're currently looking for creators to promote an AI retro gaming encyclopedia chatbot that explains console hardware, emulation, and gaming history.

Would this be relevant to you?

Best,
Dhurim Halili"
NeetCode,https://www.youtube.com/@NeetCode,Coding Interviews & DSA,Collaboration Opportunity for NeetCode,"Hi NeetCode,

I came across your channel and your NeetCode roadmap and coding interview solutions that have become essential prep for tech interviews.

I work with AI and tech brands looking to partner with creators in the tech and programming space.

We're currently looking for creators to promote an AI coding interview coach chatbot with adaptive problem hints and pattern recognition training.

Would this be relevant to you?

Best,
Dhurim Halili"
Nick Chapsas,https://www.youtube.com/@nickchapsas,.NET & C# Software Engineering,Collaboration Opportunity for Nick Chapsas,"Hi Nick Chapsas,

I came across your channel and your .NET and C# best practices content that senior engineers rely on for writing better code.

I work with AI and tech brands looking to partner with creators in the tech and programming space.

We're currently looking for creators to promote an AI .NET code assistant that reviews C# code and suggests modern .NET patterns via chatbot.

Would this be relevant to you?

Best,
Dhurim Halili"
Optimum Tech,https://www.youtube.com/@optimumtech,Custom PC Hardware & ITX Builds,Collaboration Opportunity for Optimum Tech,"Hi Optimum Tech,

I came across your channel and your compact ITX PC builds and hardware optimization guides for enthusiasts who want maximum performance per liter.

I work with AI and tech brands looking to partner with creators in the tech and programming space.

We're currently looking for creators to promote an AI PC building chatbot specialized in SFF and ITX builds with compatibility checking.

Would this be relevant to you?

Best,
Dhurim Halili"
PwnFunction,https://www.youtube.com/@PwnFunction,Web Application Security,Collaboration Opportunity for PwnFunction,"Hi PwnFunction,

I came across your channel and your animated web security explainers on XSS, CSRF, and vulnerabilities that make infosec accessible.

I work with AI and tech brands looking to partner with creators in the tech and programming space.

We're currently looking for creators to promote an AI web security scanner chatbot that helps developers understand and fix common vulnerabilities.

Would this be relevant to you?

Best,
Dhurim Halili"
Retro Game Corps,https://www.youtube.com/@RetroGameCorps,Retro Hardware Emulation,Collaboration Opportunity for Retro Game Corps,"Hi Retro Game Corps,

I came across your channel and your retro handheld reviews and emulation setup guides that help gamers build the ultimate portable library.

I work with AI and tech brands looking to partner with creators in the tech and programming space.

We're currently looking for creators to promote an AI retro emulation setup assistant that recommends devices, configs, and ROM management workflows.

Would this be relevant to you?

Best,
Dhurim Halili"
Robert Miles AI Safety,https://www.youtube.com/@RobertMilesAISafety,AI Safety & ML Alignment,Collaboration Opportunity for Robert Miles AI Safety,"Hi Robert Miles AI Safety,

I came across your channel and your AI safety and alignment explainers that make complex x-risk topics understandable for everyone.

I work with AI and tech brands looking to partner with creators in the tech and programming space.

We're currently looking for creators to promote an AI platform with published safety practices and alignment considerations your audience would want to scrutinize.

Would this be relevant to you?

Best,
Dhurim Halili"
Sam Witteveen AI,https://www.youtube.com/@samwitteveenai,"LangChain, LLMs & Agentic AI",Collaboration Opportunity for Sam Witteveen AI,"Hi Sam Witteveen AI,

I came across your channel and your LangChain tutorials and agentic AI builds that show developers how to ship LLM-powered applications.

I work with AI and tech brands looking to partner with creators in the tech and programming space.

We're currently looking for creators to promote an LLM agent builder platform with LangChain-compatible integrations for production chatbot deployments.

Would this be relevant to you?

Best,
Dhurim Halili"
Seytonic,https://www.youtube.com/@Seytonic,Hardware Hacking & Raspberry Pi,Collaboration Opportunity for Seytonic,"Hi Seytonic,

I came across your channel and your hardware hacking projects and Raspberry Pi builds for makers who love tinkering with electronics.

I work with AI and tech brands looking to partner with creators in the tech and programming space.

We're currently looking for creators to promote an AI maker assistant chatbot that helps with Raspberry Pi configs, GPIO wiring, and project troubleshooting.

Would this be relevant to you?

Best,
Dhurim Halili"
Sonny Sangha,https://www.youtube.com/@SonnySangha,Full-Stack Next.js & AI Agents,Collaboration Opportunity for Sonny Sangha,"Hi Sonny Sangha,

I came across your channel and your full-stack Next.js clone projects and AI agent builds that teach modern web development by doing.

I work with AI and tech brands looking to partner with creators in the tech and programming space.

We're currently looking for creators to promote a Next.js AI agent starter kit with chatbot components your audience can integrate into their clone projects.

Would this be relevant to you?

Best,
Dhurim Halili"
take U forward,https://www.youtube.com/@takeUforward,Algorithms & Data Structures,Collaboration Opportunity for take U forward,"Hi take U forward,

I came across your channel and your Striver's SDE sheet and DSA content that Indian CS students use as their primary interview prep resource.

I work with AI and tech brands looking to partner with creators in the tech and programming space.

We're currently looking for creators to promote an AI DSA coach chatbot with adaptive problem-solving hints aligned to your sheet's structured approach.

Would this be relevant to you?

Best,
Dhurim Halili"
TechLead,https://www.youtube.com/@TechLead,Silicon Valley Tech Careers,Collaboration Opportunity for TechLead,"Hi TechLead,

I came across your channel and your ex-Google/Facebook engineer perspective on Silicon Valley careers, tech culture, and coding.

I work with AI and tech brands looking to partner with creators in the tech and programming space.

We're currently looking for creators to promote an AI tech career advisor chatbot with insights for engineers navigating big tech and startup paths.

Would this be relevant to you?

Best,
Dhurim Halili"
The 8-Bit Guy,https://www.youtube.com/@The8BitGuy,Retrocomputing & Restoration,Collaboration Opportunity for The 8-Bit Guy,"Hi The 8-Bit Guy,

I came across your channel and your retro computer restoration projects and vintage computing history that preserve tech heritage.

I work with AI and tech brands looking to partner with creators in the tech and programming space.

We're currently looking for creators to promote an AI vintage computing assistant chatbot that helps collectors identify, repair, and restore retro hardware.

Would this be relevant to you?

Best,
Dhurim Halili"
The AI Grid,https://www.youtube.com/@TheAiGrid,AI Software & Industry Analysis,Collaboration Opportunity for The AI Grid,"Hi The AI Grid,

I came across your channel and your AI software reviews and industry analysis that helps viewers navigate the crowded AI tools landscape.

I work with AI and tech brands looking to partner with creators in the tech and programming space.

We're currently looking for creators to promote an AI software platform launching soon that your audience would benefit from an honest, detailed review of.

Would this be relevant to you?

Best,
Dhurim Halili"
The Cyber Mentor,https://www.youtube.com/@TCMSecurityAcademy,Ethical Hacking & Blue Team,Collaboration Opportunity for The Cyber Mentor,"Hi The Cyber Mentor,

I came across your channel and your ethical hacking courses and blue team training that launch cybersecurity careers.

I work with AI and tech brands looking to partner with creators in the tech and programming space.

We're currently looking for creators to promote an AI cybersecurity lab assistant chatbot for hands-on ethical hacking practice and certification prep.

Would this be relevant to you?

Best,
Dhurim Halili"
The PC Security Channel,https://www.youtube.com/@thepcsecuritychannel,Antivirus & Malware Analysis,Collaboration Opportunity for The PC Security Channel,"Hi The PC Security Channel,

I came across your channel and your antivirus tests and malware analysis videos that reveal which security products actually protect users.

I work with AI and tech brands looking to partner with creators in the tech and programming space.

We're currently looking for creators to promote an AI threat detection chatbot that helps users understand malware behavior and choose real protection.

Would this be relevant to you?

Best,
Dhurim Halili"
Traversy Media,https://www.youtube.com/@TraversyMedia,Full-Stack Web Dev & DevOps,Collaboration Opportunity for Traversy Media,"Hi Traversy Media,

I came across your channel and your full-stack web development crash courses and project builds that millions of developers learned from.

I work with AI and tech brands looking to partner with creators in the tech and programming space.

We're currently looking for creators to promote an AI web dev project mentor chatbot that guides learners through the same project-based approach you teach.

Would this be relevant to you?

Best,
Dhurim Halili"
zSecurity,https://www.youtube.com/@zSecurity,Ethical Hacking & Wireless Security,Collaboration Opportunity for zSecurity,"Hi zSecurity,

I came across your channel and your ethical hacking and wireless security courses that train the next generation of penetration testers.

I work with AI and tech brands looking to partner with creators in the tech and programming space.

We're currently looking for creators to promote an AI pentesting practice chatbot with guided labs for wireless and network security training.

Would this be relevant to you?

Best,
Dhurim Halili"
ML Street Talk,https://www.youtube.com/@MachineLearningStreetTalk,Deep AI Discussions,Collaboration Opportunity for ML Street Talk,"Hi ML Street Talk,

I came across your channel and your ML Street Talk podcast deep dives with researchers debating the biggest questions in AI.

I work with AI and tech brands looking to partner with creators in the tech and programming space.

We're currently looking for creators to promote an AI research discussion platform where practitioners can explore and debate model capabilities via chat.

Would this be relevant to you?

Best,
Dhurim Halili"
Real Python,https://www.youtube.com/@realpython,Python Tutorials & Tips,Collaboration Opportunity for Real Python,"Hi Real Python,

I came across your channel and your Real Python tutorials and tips that help developers write better, more Pythonic code every day.

I work with AI and tech brands looking to partner with creators in the tech and programming space.

We're currently looking for creators to promote an AI Python code reviewer chatbot that suggests Pythonic improvements and explains best practices.

Would this be relevant to you?

Best,
Dhurim Halili"
